{"Bektemir tumani": [[[8.4486635, 45.1364607], [8.4486543, 45.1360807], [8.448757, 45.1360759], [8.4488765, 45.1360402], [8.4488781, 45.1361081], [8.449075, 45.1361009], [8.4490632, 45.1359926], [8.4493847, 45.1358723], [8.4494666, 45.1358629], [8.4494625, 45.1359837], [8.4493094, 45.1359939], [8.4493178, 45.1361155], [8.4494679, 45.1361088], [8.4494755, 45.1362514], [8.4494859, 45.1364439], [8.4494604, 45.1364785], [8.4494133, 45.1364795], [8.449351, 45.1364809], [8.4493503, 45.1365729], [8.4487505, 45.1366002], [8.4487514, 45.1364586], [8.4486635, 45.1364607]]], "Olmazor tumani": [[[14.5302509, 52.3333933], [14.5313661, 52.3335751], [14.5314364, 52.3334142], [14.531097, 52.3333584], [14.5311433, 52.3332525], [14.5314779, 52.3333077], [14.5315412, 52.3331629], [14.5314552, 52.3331488], [14.5314453, 52.3331715], [14.5304164, 52.3330035], [14.5303765, 52.3330919], [14.5303634, 52.3331239], [14.5306087, 52.3331643], [14.5306208, 52.3331657], [14.5305742, 52.3332724], [14.5303218, 52.3332309], [14.5302509, 52.3333933]]], "Sergeli tumani": [[[10.904168, 42.868563], [10.913823, 42.8668651], [10.9098552, 42.8548512], [10.9099334, 42.8507397], [10.8989862, 42.8507967], [10.8899251, 42.8508537], [10.8901196, 42.8470474], [10.8874362, 42.8443387], [10.8853557, 42.8428417], [10.8839745, 42.842799], [10.8784335, 42.8426279], [10.8697029, 42.8425138], [10.8611474, 42.8425566], [10.8581335, 42.8426279], [10.8559132, 42.8550788], [10.86137441368583, 42.85735173113534], [10.8611977, 42.8573127], [10.8606331, 42.8571613], [10.860208, 42.8570915], [10.8596514, 42.8570187], [10.8586429, 42.8568604], [10.8577189, 42.8566678], [10.8574466, 42.8566599], [10.8571154, 42.8566569], [10.8569142, 42.8566746], [10.8567908, 42.8567376], [10.856728, 42.856784], [10.8560484, 42.8574293], [10.85566, 42.85788], [10.862172669131832, 42.85768396125149], [10.8897466, 42.8691601], [10.8990143, 42.8687764], [10.904168, 42.868563]], [[10.8539059, 42.8569311], [10.8558946, 42.855208], [10.8523395, 42.857733], [10.8528896, 42.8574515], [10.8539059, 42.8569311]], [[10.8550386, 42.857918], [10.8541454, 42.8577472], [10.8534464, 42.8577235], [10.8524754, 42.8579749], [10.8551248, 42.8579399], [10.8550386, 42.857918]], [[10.8551814, 42.8579542], [10.8553752, 42.8580034], [10.85566, 42.85788], [10.8551814, 42.8579542]]], "Yangihayot tumani": [[[-1.7949666, 52.4594766], [-1.7945303, 52.4594647], [-1.794063, 52.4594519], [-1.7940808, 52.4592107], [-1.7945625, 52.4592238], [-1.7945717, 52.4590992], [-1.794673, 52.459102], [-1.7946684, 52.4591652], [-1.7949889, 52.4591739], [-1.7949666, 52.4594766]]]}